-- phpMyAdmin SQL Dump
-- version 4.9.0.1
-- https://www.phpmyadmin.net/
--
-- Host: 127.0.0.1
-- Generation Time: Jun 01, 2020 at 05:14 PM
-- Server version: 10.3.16-MariaDB
-- PHP Version: 7.1.30

SET SQL_MODE = "NO_AUTO_VALUE_ON_ZERO";
SET AUTOCOMMIT = 0;
START TRANSACTION;
SET time_zone = "+00:00";


/*!40101 SET @OLD_CHARACTER_SET_CLIENT=@@CHARACTER_SET_CLIENT */;
/*!40101 SET @OLD_CHARACTER_SET_RESULTS=@@CHARACTER_SET_RESULTS */;
/*!40101 SET @OLD_COLLATION_CONNECTION=@@COLLATION_CONNECTION */;
/*!40101 SET NAMES utf8mb4 */;

--
-- Database: `archexpert`
--

-- --------------------------------------------------------

--
-- Table structure for table `vhc_currency`
--

CREATE TABLE `vhc_currency` (
  `id` int(11) NOT NULL,
  `currency` varchar(20) NOT NULL,
  `currency_code` varchar(20) NOT NULL,
  `is_active` enum('0','1') NOT NULL DEFAULT '1',
  `created_at` timestamp NOT NULL DEFAULT '0000-00-00 00:00:00',
  `updated_at` timestamp NOT NULL DEFAULT '0000-00-00 00:00:00' ON UPDATE current_timestamp()
) ENGINE=InnoDB DEFAULT CHARSET=utf8;

--
-- Dumping data for table `vhc_currency`
--

INSERT INTO `vhc_currency` (`id`, `currency`, `currency_code`, `is_active`, `created_at`, `updated_at`) VALUES
(1, '$', 'USD', '1', '0000-00-00 00:00:00', '2019-11-08 11:51:29'),
(2, '€', 'EUR', '1', '0000-00-00 00:00:00', '2019-11-08 11:51:32'),
(3, '£', 'GBP', '1', '2019-11-08 09:44:53', '2020-05-29 16:05:37'),
(4, 'zł', 'PLN', '1', '2019-11-08 09:45:09', '2020-05-29 16:05:43'),
(5, 'CHF', 'CHF', '1', '2019-11-08 09:45:18', '2020-05-29 16:05:47'),
(6, 'kr', 'NOK', '1', '2019-11-08 09:45:37', '2020-05-29 16:05:52'),
(7, 'kr', 'SEK', '1', '2019-11-08 09:45:51', '2020-05-29 16:05:57'),
(8, 'Kr.', 'DKK', '1', '2019-11-08 09:46:06', '2020-05-29 16:06:01'),
(9, 'CAD', 'CAD', '1', '2019-11-08 09:46:18', '2020-05-29 16:06:06'),
(10, 'R', 'ZAR', '1', '2019-11-08 09:46:29', '2020-05-29 16:06:11'),
(11, 'AUD', 'AUD', '1', '2019-11-08 09:46:37', '2020-05-29 16:06:15'),
(12, 'HK$', 'HKD', '1', '2019-11-08 09:46:49', '2020-05-29 16:06:20'),
(13, 'Kč', 'CZK', '1', '2019-11-08 09:47:04', '2020-05-29 16:06:24'),
(14, '¥', 'JPY', '1', '2019-11-14 09:19:50', '2020-05-29 16:06:35');

-- --------------------------------------------------------

--
-- Table structure for table `vhc_currency_conversion`
--

CREATE TABLE `vhc_currency_conversion` (
  `id` int(11) NOT NULL,
  `from_currency_id` int(11) NOT NULL,
  `to_currency_id` int(11) NOT NULL,
  `conversion_rate` float NOT NULL,
  `created_at` datetime NOT NULL DEFAULT current_timestamp(),
  `updated_at` datetime NOT NULL DEFAULT '0000-00-00 00:00:00' ON UPDATE current_timestamp()
) ENGINE=InnoDB DEFAULT CHARSET=latin1;

--
-- Dumping data for table `vhc_currency_conversion`
--

INSERT INTO `vhc_currency_conversion` (`id`, `from_currency_id`, `to_currency_id`, `conversion_rate`, `created_at`, `updated_at`) VALUES
(1, 1, 2, 0.89799, '2020-05-29 21:44:21', '2020-05-31 15:44:32'),
(2, 1, 3, 0.80898, '2020-05-29 21:44:21', '2020-05-31 15:44:32'),
(3, 1, 4, 3.9956, '2020-05-29 21:44:21', '2020-05-31 15:44:32'),
(4, 1, 5, 0.96264, '2020-05-29 21:44:21', '2020-05-31 15:44:32'),
(5, 1, 6, 9.6875, '2020-05-29 21:44:21', '2020-05-31 15:44:32'),
(6, 1, 7, 9.41721, '2020-05-29 21:44:21', '2020-05-31 15:44:33'),
(7, 1, 8, 6.69379, '2020-05-29 21:44:21', '2020-05-31 15:44:33'),
(8, 1, 9, 1.37213, '2020-05-29 21:44:21', '2020-05-31 15:44:33'),
(9, 1, 10, 17.4424, '2020-05-29 21:44:21', '2020-05-31 15:44:33'),
(10, 1, 11, 1.49793, '2020-05-29 21:44:21', '2020-05-31 15:44:33'),
(11, 1, 12, 7.75386, '2020-05-29 21:44:21', '2020-05-31 15:44:33'),
(12, 1, 13, 24.1747, '2020-05-29 21:44:21', '2020-05-31 15:44:33'),
(13, 1, 14, 107.121, '2020-05-29 21:44:21', '2020-05-31 15:44:33'),
(14, 2, 1, 1.1136, '2020-05-29 21:44:21', '2020-05-31 15:44:33'),
(15, 2, 3, 0.90088, '2020-05-29 21:44:21', '2020-05-31 15:44:33'),
(16, 2, 4, 4.4495, '2020-05-29 21:44:21', '2020-05-31 15:44:33'),
(17, 2, 5, 1.072, '2020-05-29 21:44:21', '2020-05-31 15:44:33'),
(18, 2, 6, 10.788, '2020-05-29 21:44:21', '2020-05-31 15:44:33'),
(19, 2, 7, 10.487, '2020-05-29 21:44:21', '2020-05-31 15:44:33'),
(20, 2, 8, 7.4542, '2020-05-29 21:44:21', '2020-05-31 15:44:33'),
(21, 2, 9, 1.528, '2020-05-29 21:44:21', '2020-05-31 15:44:33'),
(22, 2, 10, 19.4239, '2020-05-29 21:44:21', '2020-05-31 15:44:33'),
(23, 2, 11, 1.6681, '2020-05-29 21:44:21', '2020-05-31 15:44:33'),
(24, 2, 12, 8.6347, '2020-05-29 21:44:21', '2020-05-31 15:44:33'),
(25, 2, 13, 26.921, '2020-05-29 21:44:21', '2020-05-31 15:44:34'),
(26, 2, 14, 119.29, '2020-05-29 21:44:21', '2020-05-31 15:44:34'),
(27, 3, 1, 1.23612, '2020-05-29 21:44:21', '2020-05-31 15:44:34'),
(28, 3, 2, 1.11003, '2020-05-29 21:44:21', '2020-05-31 15:44:34'),
(29, 3, 4, 4.93906, '2020-05-29 21:44:21', '2020-05-31 15:44:34'),
(30, 3, 5, 1.18995, '2020-05-29 21:44:21', '2020-05-31 15:44:34'),
(31, 3, 6, 11.975, '2020-05-29 21:44:21', '2020-05-31 15:44:34'),
(32, 3, 7, 11.6408, '2020-05-29 21:44:21', '2020-05-31 15:44:34'),
(33, 3, 8, 8.27435, '2020-05-29 21:44:21', '2020-05-31 15:44:34'),
(34, 3, 9, 1.69612, '2020-05-29 21:44:21', '2020-05-31 15:44:34'),
(35, 3, 10, 21.561, '2020-05-29 21:44:21', '2020-05-31 15:44:34'),
(36, 3, 11, 1.85163, '2020-05-29 21:44:21', '2020-05-31 15:44:34'),
(37, 3, 12, 9.58474, '2020-05-29 21:44:21', '2020-05-31 15:44:34'),
(38, 3, 13, 29.883, '2020-05-29 21:44:21', '2020-05-31 15:44:34'),
(39, 3, 14, 132.415, '2020-05-29 21:44:21', '2020-05-31 15:44:34'),
(40, 4, 1, 0.25028, '2020-05-29 21:44:21', '2020-05-31 15:44:35'),
(41, 4, 2, 0.22474, '2020-05-29 21:44:21', '2020-05-31 15:44:35'),
(42, 4, 3, 0.20247, '2020-05-29 21:44:21', '2020-05-31 15:44:35'),
(43, 4, 5, 0.24093, '2020-05-29 21:44:21', '2020-05-31 15:44:35'),
(44, 4, 6, 2.42454, '2020-05-29 21:44:21', '2020-05-31 15:44:35'),
(45, 4, 7, 2.35689, '2020-05-29 21:44:21', '2020-05-31 15:44:35'),
(46, 4, 8, 1.67529, '2020-05-29 21:44:21', '2020-05-31 15:44:35'),
(47, 4, 9, 0.34341, '2020-05-29 21:44:21', '2020-05-31 15:44:35'),
(48, 4, 10, 4.36541, '2020-05-29 21:44:21', '2020-05-31 15:44:35'),
(49, 4, 11, 0.3749, '2020-05-29 21:44:21', '2020-05-31 15:44:35'),
(50, 4, 12, 1.9406, '2020-05-29 21:44:21', '2020-05-31 15:44:35'),
(51, 4, 13, 6.05034, '2020-05-29 21:44:21', '2020-05-31 15:44:35'),
(52, 4, 14, 26.8097, '2020-05-29 21:44:21', '2020-05-31 15:44:35'),
(53, 5, 1, 1.03881, '2020-05-29 21:44:21', '2020-05-31 15:44:35'),
(54, 5, 2, 0.93284, '2020-05-29 21:44:21', '2020-05-31 15:44:35'),
(55, 5, 3, 0.84037, '2020-05-29 21:44:21', '2020-05-31 15:44:35'),
(56, 5, 4, 4.15065, '2020-05-29 21:44:21', '2020-05-31 15:44:35'),
(57, 5, 6, 10.0634, '2020-05-29 21:44:21', '2020-05-31 15:44:35'),
(58, 5, 7, 9.78265, '2020-05-29 21:44:21', '2020-05-31 15:44:35'),
(59, 5, 8, 6.95354, '2020-05-29 21:44:21', '2020-05-31 15:44:35'),
(60, 5, 9, 1.42537, '2020-05-29 21:44:21', '2020-05-31 15:44:36'),
(61, 5, 10, 18.1193, '2020-05-29 21:44:21', '2020-05-31 15:44:36'),
(62, 5, 11, 1.55606, '2020-05-29 21:44:21', '2020-05-31 15:44:36'),
(63, 5, 12, 8.05476, '2020-05-29 21:44:21', '2020-05-31 15:44:36'),
(64, 5, 13, 25.1129, '2020-05-29 21:44:21', '2020-05-31 15:44:36'),
(65, 5, 14, 111.278, '2020-05-29 21:44:21', '2020-05-31 15:44:36'),
(66, 6, 1, 0.10323, '2020-05-29 21:44:21', '2020-05-31 15:44:36'),
(67, 6, 2, 0.0927, '2020-05-29 21:44:21', '2020-05-31 15:44:36'),
(68, 6, 3, 0.08351, '2020-05-29 21:44:21', '2020-05-31 15:44:36'),
(69, 6, 4, 0.41245, '2020-05-29 21:44:21', '2020-05-31 15:44:36'),
(70, 6, 5, 0.09937, '2020-05-29 21:44:21', '2020-05-31 15:44:36'),
(71, 6, 7, 0.9721, '2020-05-29 21:44:21', '2020-05-31 15:44:36'),
(72, 6, 8, 0.69097, '2020-05-29 21:44:21', '2020-05-31 15:44:36'),
(73, 6, 9, 0.14164, '2020-05-29 21:44:21', '2020-05-31 15:44:36'),
(74, 6, 10, 1.80051, '2020-05-29 21:44:21', '2020-05-31 15:44:36'),
(75, 6, 11, 0.15463, '2020-05-29 21:44:21', '2020-05-31 15:44:36'),
(76, 6, 12, 0.8004, '2020-05-29 21:44:21', '2020-05-31 15:44:36'),
(77, 6, 13, 2.49546, '2020-05-29 21:44:21', '2020-05-31 15:44:36'),
(78, 6, 14, 11.0577, '2020-05-29 21:44:21', '2020-05-31 15:44:36'),
(79, 7, 1, 0.10619, '2020-05-29 21:44:21', '2020-05-31 15:44:37'),
(80, 7, 2, 0.09536, '2020-05-29 21:44:21', '2020-05-31 15:44:37'),
(81, 7, 3, 0.0859, '2020-05-29 21:44:21', '2020-05-31 15:44:37'),
(82, 7, 4, 0.42429, '2020-05-29 21:44:21', '2020-05-31 15:44:37'),
(83, 7, 5, 0.10222, '2020-05-29 21:44:21', '2020-05-31 15:44:37'),
(84, 7, 6, 1.0287, '2020-05-29 21:44:21', '2020-05-31 15:44:37'),
(85, 7, 8, 0.7108, '2020-05-29 21:44:21', '2020-05-31 15:44:37'),
(86, 7, 9, 0.1457, '2020-05-29 21:44:21', '2020-05-31 15:44:37'),
(87, 7, 10, 1.85219, '2020-05-29 21:44:21', '2020-05-31 15:44:37'),
(88, 7, 11, 0.15906, '2020-05-29 21:44:21', '2020-05-31 15:44:37'),
(89, 7, 12, 0.82337, '2020-05-29 21:44:21', '2020-05-31 15:44:37'),
(90, 7, 13, 2.56708, '2020-05-29 21:44:21', '2020-05-31 15:44:37'),
(91, 7, 14, 11.375, '2020-05-29 21:44:21', '2020-05-31 15:44:37'),
(92, 8, 1, 0.14939, '2020-05-29 21:44:21', '2020-05-31 15:44:37'),
(93, 8, 2, 0.13415, '2020-05-29 21:44:21', '2020-05-31 15:44:37'),
(94, 8, 3, 0.12086, '2020-05-29 21:44:21', '2020-05-31 15:44:37'),
(95, 8, 4, 0.59691, '2020-05-29 21:44:21', '2020-05-31 15:44:37'),
(96, 8, 5, 0.14381, '2020-05-29 21:44:21', '2020-05-31 15:44:37'),
(97, 8, 6, 1.44724, '2020-05-29 21:44:21', '2020-05-31 15:44:37'),
(98, 8, 7, 1.40686, '2020-05-29 21:44:21', '2020-05-31 15:44:38'),
(99, 8, 9, 0.20499, '2020-05-29 21:44:21', '2020-05-31 15:44:38'),
(100, 8, 10, 2.60577, '2020-05-29 21:44:21', '2020-05-31 15:44:38'),
(101, 8, 11, 0.22378, '2020-05-29 21:44:21', '2020-05-31 15:44:38'),
(102, 8, 12, 1.15837, '2020-05-29 21:44:21', '2020-05-31 15:44:38'),
(103, 8, 13, 3.61152, '2020-05-29 21:44:21', '2020-05-31 15:44:38'),
(104, 8, 14, 16.0031, '2020-05-29 21:44:21', '2020-05-31 15:44:38'),
(105, 9, 1, 0.7288, '2020-05-29 21:44:21', '2020-05-31 15:44:38'),
(106, 9, 2, 0.65445, '2020-05-29 21:44:21', '2020-05-31 15:44:38'),
(107, 9, 3, 0.58958, '2020-05-29 21:44:21', '2020-05-31 15:44:38'),
(108, 9, 4, 2.91198, '2020-05-29 21:44:21', '2020-05-31 15:44:38'),
(109, 9, 5, 0.70157, '2020-05-29 21:44:21', '2020-05-31 15:44:38'),
(110, 9, 6, 7.06021, '2020-05-29 21:44:21', '2020-05-31 15:44:38'),
(111, 9, 7, 6.86322, '2020-05-29 21:44:21', '2020-05-31 15:44:38'),
(112, 9, 8, 4.8784, '2020-05-29 21:44:21', '2020-05-31 15:44:38'),
(113, 9, 10, 12.712, '2020-05-29 21:44:21', '2020-05-31 15:44:38'),
(114, 9, 11, 1.09169, '2020-05-29 21:44:21', '2020-05-31 15:44:38'),
(115, 9, 12, 5.65098, '2020-05-29 21:44:21', '2020-05-31 15:44:38'),
(116, 9, 13, 17.6185, '2020-05-29 21:44:21', '2020-05-31 15:44:38'),
(117, 9, 14, 78.0694, '2020-05-29 21:44:21', '2020-05-31 15:44:38'),
(118, 10, 1, 0.05733, '2020-05-29 21:44:21', '2020-05-31 15:44:38'),
(119, 10, 2, 0.05148, '2020-05-29 21:44:21', '2020-05-31 15:44:38'),
(120, 10, 3, 0.04638, '2020-05-29 21:44:21', '2020-05-31 15:44:39'),
(121, 10, 4, 0.22907, '2020-05-29 21:44:21', '2020-05-31 15:44:39'),
(122, 10, 5, 0.05519, '2020-05-29 21:44:21', '2020-05-31 15:44:39'),
(123, 10, 6, 0.5554, '2020-05-29 21:44:21', '2020-05-31 15:44:39'),
(124, 10, 7, 0.5399, '2020-05-29 21:44:21', '2020-05-31 15:44:39'),
(125, 10, 8, 0.38376, '2020-05-29 21:44:21', '2020-05-31 15:44:39'),
(126, 10, 9, 0.07867, '2020-05-29 21:44:21', '2020-05-31 15:44:39'),
(127, 10, 11, 0.08588, '2020-05-29 21:44:21', '2020-05-31 15:44:39'),
(128, 10, 12, 0.44454, '2020-05-29 21:44:21', '2020-05-31 15:44:39'),
(129, 10, 13, 1.38597, '2020-05-29 21:44:21', '2020-05-31 15:44:39'),
(130, 10, 14, 6.1414, '2020-05-29 21:44:21', '2020-05-31 15:44:39'),
(131, 11, 1, 0.66759, '2020-05-29 21:44:21', '2020-05-31 15:44:39'),
(132, 11, 2, 0.59948, '2020-05-29 21:44:21', '2020-05-31 15:44:40'),
(133, 11, 3, 0.54006, '2020-05-29 21:44:21', '2020-05-31 15:44:40'),
(134, 11, 4, 2.66741, '2020-05-29 21:44:21', '2020-05-31 15:44:40'),
(135, 11, 5, 0.64265, '2020-05-29 21:44:21', '2020-05-31 15:44:40'),
(136, 11, 6, 6.46724, '2020-05-29 21:44:21', '2020-05-31 15:44:40'),
(137, 11, 7, 6.28679, '2020-05-29 21:44:21', '2020-05-31 15:44:40'),
(138, 11, 8, 4.46868, '2020-05-29 21:44:21', '2020-05-31 15:44:40'),
(139, 11, 9, 0.91601, '2020-05-29 21:44:21', '2020-05-31 15:44:40'),
(140, 11, 10, 11.6443, '2020-05-29 21:44:21', '2020-05-31 15:44:40'),
(141, 11, 12, 5.17637, '2020-05-29 21:44:21', '2020-05-31 15:44:40'),
(142, 11, 13, 16.1387, '2020-05-29 21:44:21', '2020-05-31 15:44:40'),
(143, 11, 14, 71.5125, '2020-05-29 21:44:21', '2020-05-31 15:44:40'),
(144, 12, 1, 0.12897, '2020-05-29 21:44:21', '2020-05-31 15:44:40'),
(145, 12, 2, 0.11581, '2020-05-29 21:44:21', '2020-05-31 15:44:40'),
(146, 12, 3, 0.10433, '2020-05-29 21:44:21', '2020-05-31 15:44:40'),
(147, 12, 4, 0.5153, '2020-05-29 21:44:21', '2020-05-31 15:44:41'),
(148, 12, 5, 0.12415, '2020-05-29 21:44:21', '2020-05-31 15:44:41'),
(149, 12, 6, 1.24938, '2020-05-29 21:44:21', '2020-05-31 15:44:41'),
(150, 12, 7, 1.21452, '2020-05-29 21:44:21', '2020-05-31 15:44:41'),
(151, 12, 8, 0.86328, '2020-05-29 21:44:21', '2020-05-31 15:44:41'),
(152, 12, 9, 0.17696, '2020-05-29 21:44:21', '2020-05-31 15:44:41'),
(153, 12, 10, 2.24952, '2020-05-29 21:44:21', '2020-05-31 15:44:41'),
(154, 12, 11, 0.19319, '2020-05-29 21:44:21', '2020-05-31 15:44:41'),
(155, 12, 13, 3.11777, '2020-05-29 21:44:21', '2020-05-31 15:44:41'),
(156, 12, 14, 13.8152, '2020-05-29 21:44:21', '2020-05-31 15:44:41'),
(157, 13, 1, 0.04137, '2020-05-29 21:44:21', '2020-05-31 15:44:41'),
(158, 13, 2, 0.03715, '2020-05-29 21:44:21', '2020-05-31 15:44:41'),
(159, 13, 3, 0.03346, '2020-05-29 21:44:21', '2020-05-31 15:44:41'),
(160, 13, 4, 0.16528, '2020-05-29 21:44:21', '2020-05-31 15:44:41'),
(161, 13, 5, 0.03982, '2020-05-29 21:44:21', '2020-05-31 15:44:41'),
(162, 13, 6, 0.40073, '2020-05-29 21:44:21', '2020-05-31 15:44:41'),
(163, 13, 7, 0.38955, '2020-05-29 21:44:21', '2020-05-31 15:44:42'),
(164, 13, 8, 0.27689, '2020-05-29 21:44:21', '2020-05-31 15:44:42'),
(165, 13, 9, 0.05676, '2020-05-29 21:44:21', '2020-05-31 15:44:42'),
(166, 13, 10, 0.72151, '2020-05-29 21:44:21', '2020-05-31 15:44:42'),
(167, 13, 11, 0.06196, '2020-05-29 21:44:21', '2020-05-31 15:44:42'),
(168, 13, 12, 0.32074, '2020-05-29 21:44:21', '2020-05-31 15:44:42'),
(169, 13, 14, 4.43111, '2020-05-29 21:44:21', '2020-05-31 15:44:42'),
(170, 14, 1, 0.00934, '2020-05-29 21:44:21', '2020-05-31 15:44:42'),
(171, 14, 2, 0.00838, '2020-05-29 21:44:21', '2020-05-31 15:44:42'),
(172, 14, 3, 0.00755, '2020-05-29 21:44:21', '2020-05-31 15:44:42'),
(173, 14, 4, 0.0373, '2020-05-29 21:44:21', '2020-05-31 15:44:42'),
(174, 14, 5, 0.00899, '2020-05-29 21:44:21', '2020-05-31 15:44:42'),
(175, 14, 6, 0.09044, '2020-05-29 21:44:21', '2020-05-31 15:44:42'),
(176, 14, 7, 0.08791, '2020-05-29 21:44:21', '2020-05-31 15:44:42'),
(177, 14, 8, 0.06249, '2020-05-29 21:44:21', '2020-05-31 15:44:42'),
(178, 14, 9, 0.01281, '2020-05-29 21:44:21', '2020-05-31 15:44:42'),
(179, 14, 10, 0.16283, '2020-05-29 21:44:21', '2020-05-31 15:44:42'),
(180, 14, 11, 0.01398, '2020-05-29 21:44:21', '2020-05-31 15:44:42'),
(181, 14, 12, 0.07238, '2020-05-29 21:44:21', '2020-05-31 15:44:42'),
(182, 14, 13, 0.22568, '2020-05-29 21:44:21', '2020-05-31 15:44:42');

-- --------------------------------------------------------

--
-- Table structure for table `vhc_currency_job_post_budget`
--

CREATE TABLE `vhc_currency_job_post_budget` (
  `id` int(11) NOT NULL,
  `currency_id` int(11) NOT NULL,
  `tiny_from` int(11) NOT NULL,
  `tiny_to` int(11) NOT NULL,
  `small_from` int(11) NOT NULL,
  `small_to` int(11) NOT NULL,
  `medium_from` int(11) NOT NULL,
  `medium_to` int(11) NOT NULL,
  `large_from` int(11) NOT NULL,
  `large_to` int(11) NOT NULL,
  `big_from` int(11) NOT NULL,
  `big_to` int(11) NOT NULL,
  `jumbo_from` int(11) NOT NULL,
  `hourly_price` text DEFAULT NULL,
  `created_at` timestamp NOT NULL DEFAULT current_timestamp(),
  `updated_at` timestamp NULL DEFAULT NULL ON UPDATE current_timestamp(),
  `deleted_at` timestamp NULL DEFAULT NULL
) ENGINE=InnoDB DEFAULT CHARSET=latin1;

--
-- Dumping data for table `vhc_currency_job_post_budget`
--

INSERT INTO `vhc_currency_job_post_budget` (`id`, `currency_id`, `tiny_from`, `tiny_to`, `small_from`, `small_to`, `medium_from`, `medium_to`, `large_from`, `large_to`, `big_from`, `big_to`, `jumbo_from`, `hourly_price`, `created_at`, `updated_at`, `deleted_at`) VALUES
(1, 1, 10, 15, 20, 25, 30, 35, 40, 45, 50, 55, 110, 'a:4:{i:60;s:2:\"70\";i:70;s:2:\"80\";i:80;s:2:\"90\";i:100;s:1:\"0\";}', '2019-11-29 06:49:16', '2019-11-29 08:55:19', NULL),
(2, 3, 40, 45, 45, 50, 50, 55, 55, 60, 60, 65, 100, 'a:4:{i:10;s:2:\"15\";i:15;s:2:\"20\";i:20;s:2:\"25\";i:25;s:1:\"0\";}', '2019-11-29 06:49:19', '2020-06-01 15:11:49', NULL),
(3, 9, 20, 25, 25, 30, 30, 35, 35, 40, 40, 45, 50, 'a:4:{i:10;s:2:\"15\";i:20;s:2:\"25\";i:30;s:2:\"35\";i:50;s:1:\"0\";}', '2019-11-29 06:51:15', '2020-06-01 15:12:27', NULL),
(4, 8, 10, 20, 20, 30, 30, 40, 40, 50, 50, 60, 70, 'a:4:{i:30;s:2:\"40\";i:40;s:2:\"50\";i:50;s:2:\"55\";i:60;s:1:\"0\";}', '2019-11-29 09:22:34', '2020-06-01 15:12:23', NULL),
(5, 2, 20, 25, 25, 30, 30, 35, 35, 40, 40, 45, 50, 'a:4:{i:10;s:2:\"20\";i:20;s:2:\"30\";i:30;s:2:\"40\";i:50;s:1:\"0\";}', '2019-12-02 11:44:29', '2019-12-02 11:44:48', NULL),
(6, 4, 30, 40, 40, 50, 50, 60, 60, 70, 70, 80, 100, 'a:4:{i:40;s:2:\"50\";i:50;s:2:\"60\";i:60;s:2:\"70\";i:80;s:1:\"0\";}', '2020-01-27 11:48:37', '2020-06-01 15:12:05', NULL),
(7, 5, 40, 50, 50, 60, 60, 70, 70, 80, 80, 90, 100, 'a:4:{i:40;s:2:\"50\";i:50;s:2:\"60\";i:60;s:2:\"70\";i:80;s:1:\"0\";}', '2020-01-27 11:49:13', '2020-06-01 15:12:09', NULL),
(8, 6, 30, 40, 40, 50, 50, 60, 60, 70, 70, 80, 100, 'a:4:{i:40;s:2:\"50\";i:50;s:2:\"60\";i:60;s:2:\"70\";i:80;s:1:\"0\";}', '2020-01-27 12:25:21', '2020-06-01 15:12:14', NULL),
(9, 7, 10, 20, 20, 30, 30, 40, 40, 50, 50, 60, 80, 'a:4:{i:10;s:2:\"20\";i:20;s:2:\"30\";i:30;s:2:\"40\";i:50;s:1:\"0\";}', '2020-01-27 12:26:13', '2020-06-01 15:12:18', NULL),
(10, 10, 10, 20, 20, 30, 30, 40, 40, 50, 50, 60, 70, 'a:4:{i:10;s:2:\"20\";i:20;s:2:\"30\";i:30;s:2:\"40\";i:50;s:1:\"0\";}', '2020-01-27 12:27:59', '2020-06-01 15:12:33', NULL),
(11, 11, 20, 30, 30, 40, 40, 50, 50, 60, 60, 70, 80, 'a:4:{i:10;s:2:\"15\";i:15;s:2:\"20\";i:20;s:2:\"25\";i:30;s:1:\"0\";}', '2020-01-27 12:29:00', '2020-06-01 15:12:37', NULL),
(12, 12, 10, 20, 20, 30, 30, 40, 40, 50, 50, 60, 80, 'a:4:{i:2;s:1:\"5\";i:5;s:1:\"8\";i:8;s:2:\"12\";i:15;s:1:\"0\";}', '2020-01-27 12:30:04', '2020-06-01 15:12:41', NULL),
(13, 13, 20, 30, 30, 40, 40, 50, 50, 60, 60, 70, 80, 'a:4:{i:5;s:2:\"10\";i:10;s:2:\"15\";i:15;s:2:\"20\";i:25;s:1:\"0\";}', '2020-01-27 12:30:56', '2020-06-01 15:12:44', NULL),
(14, 14, 10, 15, 15, 20, 20, 25, 25, 30, 30, 35, 40, 'a:4:{i:2;s:1:\"5\";i:5;s:1:\"8\";i:8;s:2:\"12\";i:15;s:1:\"0\";}', '2020-01-27 12:32:12', '2020-06-01 15:12:47', NULL);

-- --------------------------------------------------------

--
-- Table structure for table `vhc_deposite_currency`
--

CREATE TABLE `vhc_deposite_currency` (
  `id` int(11) NOT NULL,
  `currency_id` int(11) NOT NULL,
  `min_amount` varchar(50) NOT NULL,
  `max_amount` varchar(50) NOT NULL,
  `min_amount_charge` varchar(50) NOT NULL,
  `max_amount_charge` varchar(50) NOT NULL,
  `created_at` timestamp NOT NULL DEFAULT current_timestamp(),
  `updated_at` timestamp NOT NULL DEFAULT '0000-00-00 00:00:00' ON UPDATE current_timestamp()
) ENGINE=InnoDB DEFAULT CHARSET=latin1;

--
-- Dumping data for table `vhc_deposite_currency`
--

INSERT INTO `vhc_deposite_currency` (`id`, `currency_id`, `min_amount`, `max_amount`, `min_amount_charge`, `max_amount_charge`, `created_at`, `updated_at`) VALUES
(1, 1, '30', '75', '5', '3', '2020-01-17 01:45:09', '2020-01-17 01:45:09'),
(2, 2, '50', '150', '10', '3', '2020-01-17 01:45:09', '2020-01-17 01:45:09'),
(3, 3, '30', '100', '3', '3', '2020-01-17 01:45:09', '2020-06-01 15:13:09'),
(4, 4, '50', '150', '2', '3', '2020-01-17 01:45:09', '2020-06-01 15:13:14'),
(5, 5, '1000', '10000', '2', '3', '2020-01-17 01:45:09', '2020-06-01 15:13:17'),
(6, 6, '12', '123', '10', '3', '2020-01-17 01:45:09', '2020-06-01 15:13:20'),
(7, 7, '121', '121', '11', '3', '2020-01-17 01:45:09', '2020-06-01 15:13:24'),
(8, 8, '12', '21', '12', '3', '2020-01-17 01:45:09', '2020-06-01 15:13:27'),
(9, 9, '2', '2', '4', '3', '2020-01-17 01:45:09', '2020-06-01 15:13:34'),
(10, 10, '213', '2121', '10', '3', '2020-01-17 01:45:09', '2020-06-01 15:13:38'),
(11, 11, '21', '212', '21', '3', '2020-01-17 01:45:09', '2020-06-01 15:13:41'),
(12, 12, '121', '21', '22', '3', '2020-01-17 01:45:09', '2020-06-01 15:13:44'),
(13, 13, '200', '300', '2', '3', '2020-01-17 01:45:09', '2020-06-01 15:13:48'),
(14, 14, '150', '200', '5', '3', '2020-01-17 01:45:09', '2020-06-01 15:13:51');

--
-- Indexes for dumped tables
--

--
-- Indexes for table `vhc_currency`
--
ALTER TABLE `vhc_currency`
  ADD PRIMARY KEY (`id`);

--
-- Indexes for table `vhc_currency_conversion`
--
ALTER TABLE `vhc_currency_conversion`
  ADD PRIMARY KEY (`id`);

--
-- Indexes for table `vhc_currency_job_post_budget`
--
ALTER TABLE `vhc_currency_job_post_budget`
  ADD PRIMARY KEY (`id`);

--
-- Indexes for table `vhc_deposite_currency`
--
ALTER TABLE `vhc_deposite_currency`
  ADD PRIMARY KEY (`id`),
  ADD KEY `currency_id` (`currency_id`);

--
-- AUTO_INCREMENT for dumped tables
--

--
-- AUTO_INCREMENT for table `vhc_currency`
--
ALTER TABLE `vhc_currency`
  MODIFY `id` int(11) NOT NULL AUTO_INCREMENT, AUTO_INCREMENT=18;

--
-- AUTO_INCREMENT for table `vhc_currency_conversion`
--
ALTER TABLE `vhc_currency_conversion`
  MODIFY `id` int(11) NOT NULL AUTO_INCREMENT, AUTO_INCREMENT=183;

--
-- AUTO_INCREMENT for table `vhc_currency_job_post_budget`
--
ALTER TABLE `vhc_currency_job_post_budget`
  MODIFY `id` int(11) NOT NULL AUTO_INCREMENT, AUTO_INCREMENT=15;

--
-- AUTO_INCREMENT for table `vhc_deposite_currency`
--
ALTER TABLE `vhc_deposite_currency`
  MODIFY `id` int(11) NOT NULL AUTO_INCREMENT, AUTO_INCREMENT=15;
COMMIT;

/*!40101 SET CHARACTER_SET_CLIENT=@OLD_CHARACTER_SET_CLIENT */;
/*!40101 SET CHARACTER_SET_RESULTS=@OLD_CHARACTER_SET_RESULTS */;
/*!40101 SET COLLATION_CONNECTION=@OLD_COLLATION_CONNECTION */;
